{
  "idea_generation": {
    "cosine": {
      "cosine": 0.8362579466570426
    },
    "rouge": {
      "rouge1": 0.2059172592302111,
      "rouge2": 0.02649284643287441,
      "rougeL": 0.14297771283901453,
      "rougeLsum": 0.14972623254472983
    },
    "bleu": {
      "bleu": 0.008969740232556318,
      "precisions": [
        0.1699003670686943,
        0.021310602024507193,
        0.0032485110990795887,
        0.000550357732526142
      ],
      "brevity_penalty": 1.0,
      "length_ratio": 1.61336717428088,
      "translation_length": 1907,
      "reference_length": 1182
    },
    "meteor": {
      "meteor": 0.1822246541781041
    },
    "bertscore": {
      "precision": [
        0.8610824942588806,
        0.8356949090957642,
        0.8265973925590515,
        0.8562949299812317,
        0.8578887581825256,
        0.8284145593643188,
        0.8455111980438232,
        0.8138453960418701,
        0.8806815147399902,
        0.8569839000701904,
        0.8282831907272339,
        0.8673801422119141,
        0.8818563222885132,
        0.8780878186225891,
        0.8205680847167969,
        0.8393516540527344,
        0.8876216411590576,
        0.8898887634277344,
        0.8582313656806946,
        0.8449842929840088,
        0.8546491265296936,
        0.8862115144729614,
        0.865548849105835,
        0.8637422323226929,
        0.8531700968742371,
        0.8351407647132874,
        0.8948115110397339,
        0.8500394821166992,
        0.8661919832229614,
        0.8740583062171936
      ],
      "recall": [
        0.8487536907196045,
        0.8608208894729614,
        0.858110249042511,
        0.8548528552055359,
        0.8571164011955261,
        0.8742743134498596,
        0.8548839092254639,
        0.8263829946517944,
        0.8644533157348633,
        0.8630368113517761,
        0.819304347038269,
        0.9081335067749023,
        0.8828225135803223,
        0.8841335773468018,
        0.8521417379379272,
        0.8707814812660217,
        0.8664146661758423,
        0.8971759080886841,
        0.8556008338928223,
        0.8517184853553772,
        0.8834443688392639,
        0.8993034362792969,
        0.897871732711792,
        0.849884569644928,
        0.857898473739624,
        0.8355918526649475,
        0.8832589983940125,
        0.8570195436477661,
        0.8776432871818542,
        0.8566742539405823
      ],
      "f1": [
        0.8548735976219177,
        0.8480718731880188,
        0.8420591354370117,
        0.855573296546936,
        0.8575024604797363,
        0.850726842880249,
        0.850171685218811,
        0.8200662732124329,
        0.8724919557571411,
        0.8599996566772461,
        0.8237693309783936,
        0.8872891068458557,
        0.8823391199111938,
        0.8811003565788269,
        0.8360569477081299,
        0.8547778129577637,
        0.8768899440765381,
        0.8935174942016602,
        0.8569141030311584,
        0.8483380079269409,
        0.8688082695007324,
        0.892709493637085,
        0.8814140558242798,
        0.8567573428153992,
        0.8555276989936829,
        0.8353662490844727,
        0.8889977335929871,
        0.8535152077674866,
        0.871880054473877,
        0.865278959274292
      ],
      "hashcode": "roberta-large_L17_no-idf_version=0.3.12(hug_trans=4.41.2)"
    }
  },
  "method_recommendation": {
    "cosine": {
      "cosine": 0.7956625062472056
    },
    "rouge": {
      "rouge1": 0.10730418026240221,
      "rouge2": 0.01651828719273366,
      "rougeL": 0.08028255716592633,
      "rougeLsum": 0.08724347551557834
    },
    "bleu": {
      "bleu": 0.0042876171701430555,
      "precisions": [
        0.05388165038002172,
        0.006950122649223222,
        0.0016420361247947454,
        0.0005496015388843089
      ],
      "brevity_penalty": 1.0,
      "length_ratio": 7.442424242424242,
      "translation_length": 7368,
      "reference_length": 990
    },
    "meteor": {
      "meteor": 0.161891876803327
    },
    "bertscore": {
      "precision": [
        0.7942390441894531,
        0.8443570137023926,
        0.7986030578613281,
        0.7690474390983582,
        0.8365023136138916,
        0.7808120250701904,
        0.797469973564148,
        0.7983817458152771,
        0.8396966457366943,
        0.7970885634422302,
        0.8170755505561829,
        0.815483808517456,
        0.8232026100158691,
        0.825493574142456,
        0.8530687093734741,
        0.7924573421478271,
        0.7913857102394104,
        0.7653118968009949,
        0.8506504893302917,
        0.8238365054130554,
        0.7853803634643555,
        0.7889728546142578,
        0.8219278454780579,
        0.7809934020042419,
        0.8240591287612915,
        0.8012308478355408,
        0.7957737445831299,
        0.7854077816009521,
        0.8161510825157166,
        0.7756801843643188
      ],
      "recall": [
        0.8701095581054688,
        0.8984969258308411,
        0.8521443605422974,
        0.8343437910079956,
        0.8399306535720825,
        0.8555264472961426,
        0.8685610294342041,
        0.8289066553115845,
        0.8426913619041443,
        0.8525358438491821,
        0.842414140701294,
        0.8610308170318604,
        0.8613794445991516,
        0.8457188010215759,
        0.8930040597915649,
        0.8491972088813782,
        0.8430079817771912,
        0.860001266002655,
        0.8486126661300659,
        0.8655080795288086,
        0.8415549397468567,
        0.8322380185127258,
        0.8298558592796326,
        0.8381223678588867,
        0.8508137464523315,
        0.8563700914382935,
        0.8515543341636658,
        0.8471771478652954,
        0.8727309107780457,
        0.796360969543457
      ],
      "f1": [
        0.8304449915885925,
        0.8705861568450928,
        0.8245053887367249,
        0.8003661036491394,
        0.8382129669189453,
        0.8164635300636292,
        0.8314987421035767,
        0.813357949256897,
        0.8411913514137268,
        0.8238804340362549,
        0.8295513987541199,
        0.8376385569572449,
        0.841858446598053,
        0.8354837894439697,
        0.8725796341896057,
        0.8198468089103699,
        0.8163816332817078,
        0.809898316860199,
        0.8496304154396057,
        0.8441582918167114,
        0.8124978542327881,
        0.8100281953811646,
        0.8258728384971619,
        0.8085499405860901,
        0.8372227549552917,
        0.8278834223747253,
        0.8227196335792542,
        0.8151239156723022,
        0.8434932231903076,
        0.7858845591545105
      ],
      "hashcode": "roberta-large_L17_no-idf_version=0.3.12(hug_trans=4.41.2)"
    }
  },
  "outcome_prediction": {
    "cosine": {
      "cosine": 0.8469186340468
    },
    "rouge": {
      "rouge1": 0.21590283794517456,
      "rouge2": 0.06096939152930714,
      "rougeL": 0.16135148427036364,
      "rougeLsum": 0.1632353232657076
    },
    "bleu": {
      "bleu": 0.03128552402157918,
      "precisions": [
        0.1550274223034735,
        0.041404805914972274,
        0.01794392523364486,
        0.00831758034026465
      ],
      "brevity_penalty": 1.0,
      "length_ratio": 2.972826086956522,
      "translation_length": 2735,
      "reference_length": 920
    },
    "meteor": {
      "meteor": 0.2773192214915449
    },